<?xml version="1.0" encoding="UTF-8"?>
<experiment>
	<optioncontainer>
		<optiongroup groupname="config">
			<option name="name" value="langModel"/>
			<option name="flowchart" value="learn"/>
		</optiongroup>
		<optiongroup groupname="singlemalt">
			<option name="parsing_algorithm" value="covnonproj"/>
		</optiongroup>
		<optiongroup groupname="input">
			<option name="infile" value="train.conll"/>
		</optiongroup>
		<optiongroup groupname="graph">
			<option name="root_label" value="ROOT"/>
		</optiongroup>
		<optiongroup groupname="pproj">
			<option name="covered_root" value="none"/>
		</optiongroup>
		<optiongroup groupname="lib">
			<option name="options" value="-s_4_-c_0.1"/>
		</optiongroup>
		<optiongroup groupname="guide">
			<option name="learner" value="liblinear"/>
		</optiongroup>
	</optioncontainer>
</experiment>
